Preceded by\nAlfred Scott	Member of Parliament for Ashton-under-Lyne\n1910–1916	Succeeded by\nAlbert Stanley
New office	Minister of Information\n1918	Succeeded by\nThe Lord Downham
Preceded by\nSir Frederick Cawley	Chancellor of the Duchy of Lancaster\n1918	Succeeded by\nThe Lord Downham
New office	Minister of Aircraft Production\n1940–1941	Succeeded by\nJohn Moore-Brabazon
Preceded by\nSir Andrew Duncan	Minister of Supply\n1941–1942	Succeeded by\nSir Andrew Duncan
New office	Minister of War Production\n1942	Succeeded by\nOliver Lyttelton\nas Minister of Production
Preceded by\nViscount Cranborne	Lord Privy Seal\n1943–1945	Succeeded by\nArthur Greenwood
New creation	Baron Beaverbrook\n1917–1964	Succeeded by\nJohn William Maxwell Aitken
New creation	Baronet(of Cherkley) \n1916–1964	Succeeded by\nJohn William Maxwell Aitken
