Team	Car(s)	#	Driver(s)	Primary Sponsor(s)	Listed Owner(s)	Crew Chief
Akins-Sutton Motorsports	Ford Taurus	38	Glenn Allen, Jr.	Barbasol	Brad Akins	Dean Johnson
Akins-Sutton Motorsports	Ford Taurus	98	Elton Sawyer	Lysol	Brad Akins	Ricky Viers
AllCar Racing	Chevrolet Monte Carlo	22	Jimmy Kitchens	Air Jamaica Vacations	Dave Carroll	Todd Lohse
Andy Petree Racing	Chevrolet Monte Carlo	15	Ken Schrader	Oakwood Homes	Andy Petree	N/A
BACE Motorsports	Chevrolet Monte Carlo	33	Jason Jarrett	Bayer/Alka-Seltzer	Barbara Baumgardner	Gary Cogswell
BACE Motorsports	Chevrolet Monte Carlo	74	Tony Raines (R)	n/a	Bill Baumgardner	Steve Bird
Bill Davis Racing	Pontiac Grand Prix	93	Dave Blaney	Amoco	Gail Davis	Gil Martin
Brewco Motorsports\nJ&J Racing	Chevrolet Monte Carlo	27	Casey Atwood	Castrol	Tammy Brewer	Kip McCord
Brewco Motorsports\nJ&J Racing	Chevrolet Monte Carlo	37	Kevin Grubb	Timber Wolf	Clarence Brewer	Terry Shirley
Brewco Motorsports\nJ&J Racing	Chevrolet Monte Carlo	99	Kevin Lepage	Red Man	Bill Papke	Dan Gibbs
Buckshot Racing	Pontiac Grand Prix	00	Larry Pearson	Cheez-It	Billy Jones	Kenneth Campbell
Cicci-Welliver Racing	Chevrolet Monte Carlo	34	Mike McLaughlin	Goulds Pumps	Frank Cicci	Jay Smith
Cicci-Welliver Racing	Pontiac Grand Prix	36	Tim Fedewa	Stanley Tools	Scott Welliver	Vic Kangas
Cicci-Welliver Racing	Chevrolet Monte Carlo	66	Todd Bodine	Phillips 66	Jeffrey Welliver	Donnie Richeson
Curb/Agajanian Motorsports	Chevrolet Monte Carlo	43	Shane Hall	Central Tractor	Don Stegall	Gene Nead
Dale Earnhardt, Inc.	Chevrolet Monte Carlo	3	Dale Earnhardt, Jr.	AC Delco	Dale Earnhardt	Tony Eury, Sr.
Diamond Ridge Motorsports	Chevrolet Monte Carlo	4	Jeff Purvis	Lance Snacks	Gary Bechtel	Johnny Allen
Excel Motorsports	Chevrolet Monte Carlo	56	Jeff Krogh	Clearwater Forest Industries	Molly Krogh	Sammy Speaks
Excel Motorsports	Chevrolet Monte Carlo	80	Mark Krogh	Clearwater Forest Industries	Robert Krogh	Doug George
Grubb Motorsports	Chevrolet Monte Carlo	83	Wayne Grubb	Link-Belt	William Grubb	Bobby King
GTS Motorsports	Chevrolet Monte Carlo	90	Brad Loney	Coyne Textile Services	Frederick Maggio	Bob Johnson
Hank Parker Racing	Chevrolet Monte Carlo	53	Hank Parker Jr. (R)	B.A.S.S.	Hank Parker	Dave McCarty
Henderson Brothers Racing	Chevrolet Monte Carlo	75	Kelly Denton (R)	Big Daddy's BBQ Sauce	Charlie Henderson	Ron Denton
Hillin Racing	Chevrolet Monte Carlo	8	Bobby Hillin	Clean Shower	Robert Hayes	Steve Hibbard
HVP Motorsports	Chevrolet Monte Carlo	63	Chuck Bown	Exxon Superflo	Hubert Hensley	Jeff Hensley
Innovative Motorsports	Chevrolet Monte Carlo	47	Andy Santerre	Monro Muffler Brake	George DeBidart	Kevin Caldwell
Joe Gibbs Racing	Pontiac Grand Prix	18	Bobby Labonte	MBNA	Joe Gibbs	Bryant Frazier
Labonte Motorsports	Chevrolet Monte Carlo	44	Terry Labonte	Slim Jim	Kimberly Labonte	Eddie Lowery
NorthStar Motorsports	Chevrolet Monte Carlo	89	Jeff Fuller	Heritage Consumer Products	Meredith Ruark	Leon Fox
Parker Racing	Chevrolet Monte Carlo	72	Hermie Sadler	MGM Brakes	Ron Parker	Cal Northrup
PE2 Motorsports	Chevrolet Monte Carlo	45	Adam Petty (R)	Spree	Kyle Petty	Lance Deiters
PRW Racing	Ford Taurus	77	Ed Berrier	Lear Corporation	Tony Hall	Jimmy Means
Phil Parsons Racing	Chevrolet Monte Carlo	10	Phil Parsons	Alltel	Marcia Parsons	Doug Taylor
Phoenix Racing	Chevrolet Monte Carlo	1	Randy LaJoie	Bob Evans Restaurants	James Finch	Marc Reno
Progressive Motorsports	Chevrolet Monte Carlo	32	Jeff Green	Kleenex	Greg Pollex	Harold Holly
Progressive Motorsports	Chevrolet Monte Carlo	57	Jason Keller	Fleming Team/IGA	Steve DeSouza	Steve Addington
Reiser Enterprises	Chevrolet Monte Carlo	17	Matt Kenseth	DeWalt Tools	Robbie Reiser	Robbie Reiser
Roush Racing	Ford Taurus	9	Jeff Burton	Track Gear	Jack Roush	Tommy Morgan
Roush Racing	Ford Taurus	60	Mark Martin	Winn-Dixie	Jack Roush	Tony Lambert
Sadler Brothers Racing	Chevrolet Monte Carlo	95	Bobby Hamilton, Jr. (R)	Shoney's Inn	Earl Sadler	Chick Sadler
Specialty Racing	Chevrolet Monte Carlo	40	Kerry Earnhardt (R)	Channellock	Doug Taylor	Richard Lasater
Spencer Motor Ventures	Chevrolet Monte Carlo	5	Dick Trickle	Schneider National	Jimmy Spencer	Bryan Schaffer
ST Motorsports	Chevrolet Monte Carlo	59	Mike Dillon	Kingsford	Tad Geschickter	Steve Plattenberger
Team Amick	Chevrolet Monte Carlo	35	Lyndon Amick	SCANA/Powertel	Bill Amick	Buddy Barnes
Team Rensi Motorsports	Chevrolet Monte Carlo	25	Jeff Finley	Dura Lube	Ed Rensi	David Ifft
Team Yellow Racing	Chevrolet Monte Carlo	19	Mike Skinner	Yellow Freight	David Ridling	C. R. Miller
Washington-Erving Motorsports	Chevrolet Monte Carlo	50	Mark Green	Dr Pepper	Joe Washington	Darrell Bryant
Xpress Motorsports	Pontiac Grand Prix	61	Derrike Cope	IWX Motor Freight	Steve Coulter	Dave Fuge
