"Affiliation","House Members
2000 Election
Results","House Members
At Dissolution","Senate Members
On Election
Day 2000","Senate Members
At Dissolution"
"Liberal Party of Canada","172","168","55","65"
"Canadian Alliance","66","—","1","—"
"Bloc Québécois","38","33","0","0"
"New Democratic Party","13","14","0","0"
"Progressive Conservative","12","—","35","—"
"Progressive Conservative (Senate caucus)","—","—","—","3"
"Conservative Party of Canada","—","72","—","24"
"Independent","0","10","5","5"
"Total members","301","297","96","97"
"vacant","0","4","9","8"
"Total seats","301","301","105","105"
