"Year","Single","Chart positions
SPA","Album"
"2011","\"Breathe in the Light\"","10","Endless Road 7058"
"2011","\"Last Night on Earth\"","6","Endless Road 7058"
"2012","\"I Don't Think So\"","7","Endless Road 7058"
"2012","\"Don't Give Up My Game\"","13","Endless Road 7058"
"2012","\"1900\"","–","Endless Road 7058"
"2012","\"I Met An Angel (On Christmas Day)\"","39","Christmas non-album release"
"2013","\"Cuando te volveré a ver\"","34","From soundtrack of Wreck-It Ralph"
"2013","\"Heartbreaker\"","13","Anti-Heroes"
