"Year","Title","Chart positions
AU","Chart positions
CA","Chart positions
IE","Chart positions
NL","Chart positions
NZ","Chart positions
UK","Chart positions
US
Hot 100","Chart positions
US
Airplay","Chart positions
US
Alternative"
"1995","\"You Oughta Know\" A","4","20","—","11","25","22","—","13","1"
"1995","\"Hand in My Pocket\"","13","1","—","—","7","26","—","15","1"
"1996","\"Ironic\"","3","1","8","6","3","11","4","2","1"
"1996","\"You Learn\"","20","1","—","13","—","24","6","1","7"
"1996","\"Head Over Feet\"","12","1","11","33","27","7","—","3","25"
"1997","\"All I Really Want\"","40","2","—","—","—","59","—","65","14"
